CREATE TABLE TREINA_CONVENIADAS (ID_TREINA_CONVENIADA INT IDENTITY, CONVENIADA CHAR(06) NOT NULL PRIMARY KEY, DESCRICAO VARCHAR(20) NOT NULL, USUARIO_ATUALIZACAO CHAR(10) NOT NULL, DATA_ATUALIZACAO DATETIME NOT NULL) 

INSERT INTO TREINA_CONVENIADAS VALUES ('000020', 'INSS','SISTEMA', GETDATE())
INSERT INTO TREINA_CONVENIADAS VALUES ('002399', 'SIAPE','SISTEMA', GETDATE())

CREATE TABLE TREINA_USUARIOS (ID_TREINA_USUARIO INT IDENTITY, USUARIO CHAR(10) NOT NULL PRIMARY KEY, SENHA CHAR (10) NOT NULL, NOME VARCHAR(20) NOT NULL,USUARIO_ATUALIZACAO CHAR(10) NOT NULL, DATA_ATUALIZACAO DATETIME NOT NULL) 

INSERT INTO TREINA_USUARIOS VALUES ('4001MARIA', 'SENHAM', 'MARIA DA SILVA','SISTEMA', GETDATE())
INSERT INTO TREINA_USUARIOS VALUES ('4002JOSE', 'SENHAJ', 'JOSE SANTOS','SISTEMA', GETDATE())

CREATE TABLE TREINA_SITUACAO (ID_TREINA_SITUACAO INT IDENTITY, SITUACAO CHAR(02) NOT NULL PRIMARY KEY, DESCRICAO VARCHAR(25) NOT NULL, USUARIO_ATUALIZACAO CHAR(10) NOT NULL, DATA_ATUALIZACAO DATETIME NOT NULL) 

INSERT INTO TREINA_SITUACAO VALUES ('AG', 'AGUARDANDO ANÁLISE','SISTEMA', GETDATE())
INSERT INTO TREINA_SITUACAO VALUES ('AN', 'EM ANÁLISE MANUAL','SISTEMA', GETDATE())
INSERT INTO TREINA_SITUACAO VALUES ('PE', 'PENDENTE DE AVALIAÇÃO','SISTEMA', GETDATE())
INSERT INTO TREINA_SITUACAO VALUES ('RE', 'PREPROVADA','SISTEMA', GETDATE())
INSERT INTO TREINA_SITUACAO VALUES ('AP', 'APROVADA','SISTEMA', GETDATE())

CREATE TABLE TREINA_PROPOSTAS (ID_TREINA_PROPOSTA INT IDENTITY, PROPOSTA NUMERIC(10) NOT NULL PRIMARY KEY, CPF CHAR(11) NOT NULL, CONVENIADA CHAR(06) FOREIGN KEY REFERENCES TREINA_CONVENIADAS(CONVENIADA) , 
VLR_SOLICITADO NUMERIC (12,2), PRAZO NUMERIC (3), VLR_FINANCIADO NUMERIC (12,2), SITUACAO CHAR(02) FOREIGN KEY REFERENCES TREINA_SITUACAO(SITUACAO) NOT NULL, OBSERVACAO VARCHAR(500) NULL,
DT_SITUACAO SMALLDATETIME NOT NULL, USUARIO CHAR(10) FOREIGN KEY REFERENCES TREINA_USUARIOS(USUARIO) NOT NULL, USUARIO_ATUALIZACAO CHAR(10) NOT NULL, DATA_ATUALIZACAO DATETIME NOT NULL) 

INSERT INTO TREINA_PROPOSTAS VALUES (1234567890,'46792104000', '000020', 10000.00, '010', 15000.12, 'PE', NULL, GETDATE(), '4001MARIA','SISTEMA', GETDATE())

CREATE TABLE TREINA_CLIENTES (ID_TREINA_CLIENTE INT IDENTITY, CPF CHAR(11) NOT NULL PRIMARY KEY, NOME VARCHAR (60) NOT NULL, DT_NASCIMENTO smalldatetime NOT NULL, GENERO CHAR(01) NOT NULL, VLR_SALARIO NUMERIC(12,2) NOT NULL, LOGRADOURO VARCHAR(60) NOT NULL, NUMERO_RESIDENCIA CHAR(10) NOT NULL, BAIRRO VARCHAR(60) NOT NULL, CIDADE VARCHAR(60) NOT NULL, CEP CHAR(08) NOT NULL, USUARIO_ATUALIZACAO CHAR(10) NOT NULL, DATA_ATUALIZACAO DATETIME NOT NULL)

INSERT INTO TREINA_CLIENTES VALUES ('46792104000', 'LADIMIR BEPPLER', '1968-04-02', 'M', 5432.10, 'AV. LIDIO BATISTA SOARES', '820','CENTRO', 'CACHOEIRINHA', '94935410','SISTEMA', GETDATE())

CREATE TABLE TREINA_LIMITES_IDADE_CONVENIADA (ID_TREINA_LIM_IDADE_CONVENIADA INT IDENTITY, CONVENIADA CHAR(06) FOREIGN KEY REFERENCES TREINA_CONVENIADAS(CONVENIADA), IDADE_INICIAL NUMERIC (3) NOT NULL, IDADE_FINAL NUMERIC (3) NOT NULL, VALOR_LIMITE NUMERIC(12,2) NOT NULL, PERCENTUAL_MAXIMO_ANALISE NUMERIC (3) NOT NULL, USUARIO_ATUALIZACAO CHAR(10) NOT NULL, DATA_ATUALIZACAO DATETIME NOT NULL) 

INSERT INTO TREINA_LIMITES_IDADE_CONVENIADA VALUES ('000020', '18', '23', 5000.00, 10,'SISTEMA', GETDATE())
INSERT INTO TREINA_LIMITES_IDADE_CONVENIADA VALUES ('000020', '24', '28', 10000.00, 5,'SISTEMA', GETDATE())
INSERT INTO TREINA_LIMITES_IDADE_CONVENIADA VALUES ('000020', '29', '35', 20000.00, 15,'SISTEMA', GETDATE())
INSERT INTO TREINA_LIMITES_IDADE_CONVENIADA VALUES ('000020', '36', '42', 25000.00, 20,'SISTEMA', GETDATE())
INSERT INTO TREINA_LIMITES_IDADE_CONVENIADA VALUES ('000020', '43', '53', 35000.00, 20,'SISTEMA', GETDATE())
INSERT INTO TREINA_LIMITES_IDADE_CONVENIADA VALUES ('000020', '54', '60', 40000.00, 13,'SISTEMA', GETDATE())
INSERT INTO TREINA_LIMITES_IDADE_CONVENIADA VALUES ('000020', '61', '71', 8000.00, 5,'SISTEMA', GETDATE())
INSERT INTO TREINA_LIMITES_IDADE_CONVENIADA VALUES ('000020', '72', '82', 6000.00, 4,'SISTEMA', GETDATE())

INSERT INTO TREINA_LIMITES_IDADE_CONVENIADA VALUES ('002399', '18', '28', 15000.00, 10,'SISTEMA', GETDATE())
INSERT INTO TREINA_LIMITES_IDADE_CONVENIADA VALUES ('002399', '29', '42', 30000.00, 15,'SISTEMA', GETDATE())
INSERT INTO TREINA_LIMITES_IDADE_CONVENIADA VALUES ('002399', '43', '60', 55000.00, 18,'SISTEMA', GETDATE())
INSERT INTO TREINA_LIMITES_IDADE_CONVENIADA VALUES ('002399', '61', '79', 10000.00, 5,'SISTEMA', GETDATE())

